{"mean": 0.16042384008061228, "std": 0.2605946131760727}