{"mean": 0.0039215686274509795, "std": 0.019244689058656454}