{"mean": 0.04363547724979628, "std": 0.18945324550821477}